<?xml version="1.0" encoding="UTF-8"?>
<metadata xml:lang="en"><Esri><CreaDate>20211210</CreaDate><CreaTime>11414100</CreaTime><ArcGISFormat>1.0</ArcGISFormat><SyncOnce>TRUE</SyncOnce><DataProperties><itemProps><itemLocation><linkage Sync="TRUE">file://\\Mac\Pegasus32 R6\WindowsShared\FloodAnalysis\FwDET2p1_2\FloodAnalysis_USGSFIM\CaseStudies\PeeDee\PeeDee_NC_USA\Depth_Model_m.tif</linkage><protocol Sync="TRUE">Local Area Network</protocol></itemLocation></itemProps><copyHistory><copy source="V:\WindowsShared\FloodAnalysis\FwDET2p1_2\FloodAnalysis_USGSFIM\CaseStudies\PeeDee\Depth_Model_m.tif" dest="\\Mac\Pegasus32 R6\WindowsShared\FloodAnalysis\FwDET2p1_2\FloodAnalysis_USGSFIM\CaseStudies\PeeDee\PeeDee_NC_USA\Depth_Model_m.tif" date="20211210" time="11414100"></copy></copyHistory><lineage><Process ToolSource="c:\program files\arcgis\pro\Resources\ArcToolbox\toolboxes\Data Management Tools.tbx\CopyMultiple" Date="20211210" Time="114142">CopyMultiple "V:\WindowsShared\FloodAnalysis\FwDET2p1_2\FloodAnalysis_USGSFIM\CaseStudies\PeeDee\CostRaster1.tif raster_file_general;V:\WindowsShared\FloodAnalysis\FwDET2p1_2\FloodAnalysis_USGSFIM\CaseStudies\PeeDee\Depth_Model_m.tif raster_file_general;V:\WindowsShared\FloodAnalysis\FwDET2p1_2\FloodAnalysis_USGSFIM\CaseStudies\PeeDee\WaterExtent.shp shapefile_polygon;V:\WindowsShared\FloodAnalysis\FwDET2p1_2\FloodAnalysis_USGSFIM\CaseStudies\PeeDee\NEDelevation.tif raster_file_general" V:\WindowsShared\FloodAnalysis\FwDET2p1_2\FloodAnalysis_USGSFIM\CaseStudies\PeeDee\PeeDee_NC_USA CostRaster1;Depth_Model_m;WaterExtent;NEDelevation "CostRaster1.tif RasterDataset CostRaster1.tif #;Depth_Model_m.tif RasterDataset Depth_Model_m.tif #;WaterExtent FeatureClass WaterExtent.shp #;NEDelevation.tif RasterDataset NEDelevation.tif #"</Process></lineage></DataProperties></Esri></metadata>
